,AUC_ROC,AUC_prec_rec,F1_score,accuracy,jaccard_index,precision,sensitivity,specificity
0,0.7935670348950208,0.7785597191591137,0.7310539302079662,0.813720703125,0.813720703125,0.7349397590361446,0.7272089761570828,0.8599250936329588
1,0.48296070938370467,0.09348385313780362,0.01322751322751323,0.81787109375,0.81787109375,0.032679738562091505,0.008291873963515755,0.9576295448038935
2,0.7233267158252977,0.5426512453356012,0.48699763593380613,0.7880859375,0.7880859375,0.39768339768339767,0.6280487804878049,0.8186046511627907
3,0.9176384003538184,0.6937704550253379,0.6415841584158416,0.955810546875,0.955810546875,0.50625,0.8756756756756757,0.9596011250319612
4,0.8896851663831714,0.7841050468936456,0.7507360157016684,0.8759765625,0.8759765625,0.6375,0.9128878281622912,0.8664825046040515
5,0.9025796227693084,0.5806804409067086,0.3435722411831627,0.859130859375,0.859130859375,0.20972222222222223,0.949685534591195,0.8554737109474219
6,0.6742914524272206,0.5490764193782433,0.45054095826893353,0.65283203125,0.65283203125,0.32993774759479344,0.7101096224116931,0.6384732824427481
7,0.9136619465524144,0.7699276174532713,0.7459016393442622,0.939453125,0.939453125,0.6465364120781527,0.8813559322033898,0.9459679609014391
8,0.7232813784745764,0.6752946840237118,0.6200364298724953,0.745361328125,0.745361328125,0.5812841530054644,0.6643247462919594,0.7822380106571936
