,AUC_ROC,AUC_prec_rec,F1_score,accuracy,jaccard_index,precision,sensitivity,specificity
1,0.780110269673837,0.6075054979237151,0.5315167246839612,0.8275824652777778,0.8275824652777778,0.4529481589091407,0.7063987744382898,0.8538217649093842
